Date,Open,High,Low,Close,Adj Close,Volume
2014-08-05,6.8,6.86,6.55,6.66,6.66,463865427
2014-08-06,6.65,6.73,6.64,6.64,6.64,110785500
2014-08-07,6.66,6.82,6.64,6.75,6.75,76599510
2014-08-08,6.76,6.77,6.63,6.66,6.66,70280000
2014-08-11,6.78,7.05,6.75,6.97,6.97,190255833
2014-08-12,7.0,7.09,6.96,6.98,6.98,84527700
2014-08-13,7.02,7.02,6.78,6.9,6.9,70089090
2014-08-14,6.91,6.91,6.78,6.8,6.8,36687500
2014-08-15,6.81,6.85,6.75,6.8,6.8,24940041
2014-08-18,6.83,6.9,6.73,6.79,6.79,46956871
2014-08-19,6.81,6.85,6.74,6.78,6.78,28269500
2014-08-20,6.78,6.84,6.77,6.78,6.78,18297000
2014-08-21,6.81,6.81,6.67,6.72,6.72,23024500
2014-08-22,6.71,6.76,6.61,6.65,6.65,23629500
2014-08-25,6.65,6.76,6.65,6.72,6.72,22174500
2014-08-26,6.7,6.73,6.67,6.71,6.71,15580500
2014-08-27,6.74,6.76,6.65,6.66,6.66,28585242
2014-08-28,6.66,6.73,6.29,6.31,6.31,53681226
2014-08-29,6.3,6.38,6.2,6.37,6.37,47748754
2014-09-01,6.48,6.52,6.42,6.47,6.47,39121000
2014-09-02,6.47,6.49,6.35,6.38,6.38,19610760
2014-09-03,6.35,6.45,6.17,6.19,6.19,51374000
2014-09-04,6.23,6.29,6.19,6.22,6.22,37341500
2014-09-05,6.25,6.43,6.22,6.39,6.39,37202941
2014-09-08,6.46,6.46,6.35,6.38,6.38,14583000
2014-09-10,6.4,6.46,6.33,6.36,6.36,42881500
2014-09-11,6.34,6.42,6.34,6.42,6.42,32240159
2014-09-12,6.48,6.69,6.45,6.69,6.69,56051600
2014-09-15,6.68,6.76,6.55,6.6,6.6,38311297
2014-09-16,6.56,6.66,6.5,6.52,6.52,15630000
2014-09-17,6.52,6.55,6.45,6.48,6.48,19626500
2014-09-18,6.5,6.51,6.4,6.43,6.43,27324500
2014-09-19,6.45,6.64,6.45,6.56,6.56,30192751
2014-09-22,6.53,6.54,6.43,6.43,6.43,27204500
2014-09-23,6.45,6.52,6.44,6.45,6.45,16056360
2014-09-24,6.45,6.55,6.45,6.51,6.51,28769500
2014-09-25,6.54,6.69,6.48,6.51,6.51,25902000
2014-09-26,6.46,6.5,6.42,6.46,6.46,13157000
2014-09-29,6.39,6.4,6.17,6.34,6.34,44607500
2014-09-30,6.3,6.4,6.23,6.38,6.38,24227500
2014-10-03,6.43,6.43,6.24,6.4,6.4,23910070
2014-10-06,6.42,6.44,6.35,6.4,6.4,14129000
2014-10-07,6.41,6.41,6.29,6.33,6.33,22557500
2014-10-08,6.3,6.34,6.27,6.31,6.31,8931144
2014-10-09,6.31,6.37,6.22,6.28,6.28,17933000
2014-10-10,6.23,6.27,6.18,6.23,6.23,22278000
2014-10-13,6.21,6.23,6.14,6.17,6.17,23270523
2014-10-14,6.12,6.22,6.02,6.09,6.09,17469000
2014-10-15,6.08,6.13,5.97,5.99,5.99,27100500
2014-10-16,5.96,6.02,5.84,5.91,5.91,25688000
2014-10-17,5.98,6.14,5.97,6.11,6.11,61884500
2014-10-20,6.18,6.32,6.12,6.3,6.3,25322900
2014-10-21,6.27,6.35,6.24,6.26,6.26,16368700
2014-10-22,6.25,6.39,6.25,6.33,6.33,19987790
2014-10-23,6.3,6.33,6.23,6.27,6.27,13527000
2014-10-24,6.25,6.29,6.16,6.19,6.19,25384500
2014-10-27,5.98,5.98,4.95,4.96,4.96,242017000
2014-10-28,5.05,5.18,5.01,5.17,5.17,106542565
2014-10-29,5.2,5.22,5.02,5.07,5.07,44290649
2014-10-30,5.06,5.1,4.95,4.98,4.98,56307200
2014-10-31,5.01,5.1,5.01,5.07,5.07,15844000
2014-11-03,5.02,5.05,4.96,4.97,4.97,28638500
2014-11-04,4.95,5.07,4.95,5.06,5.06,18397275
2014-11-05,5.07,5.19,5.06,5.14,5.14,28238146
2014-11-06,5.17,5.19,5.1,5.15,5.15,20193406
2014-11-07,5.22,5.23,5.13,5.15,5.15,28920968
2014-11-10,5.21,5.28,5.11,5.13,5.13,46634450
2014-11-11,5.15,5.16,4.95,5.07,5.07,63279500
2014-11-12,5.03,5.21,5.01,5.1,5.1,24334000
2014-11-13,5.1,5.19,5.08,5.17,5.17,15399285
2014-11-14,5.18,5.18,5.02,5.16,5.16,26292500
2014-11-17,5.16,5.19,5.09,5.13,5.13,11732000
2014-11-18,5.12,5.17,5.09,5.15,5.15,13881500
2014-11-19,5.12,5.17,5.11,5.15,5.15,21022307
2014-11-20,5.13,5.15,5.0,5.06,5.06,20699630
2014-11-21,5.05,5.12,5.05,5.08,5.08,15698500
2014-11-24,5.12,5.27,5.08,5.25,5.25,51895090
2014-11-25,5.28,5.33,5.14,5.22,5.22,257070994
2014-11-26,5.19,5.21,5.07,5.11,5.11,80224294
2014-11-27,5.11,5.12,5.02,5.05,5.05,28162116
2014-11-28,5.1,5.1,4.47,4.59,4.59,137434979
2014-12-01,4.62,4.64,4.11,4.24,4.24,149778221
2014-12-02,4.25,4.38,4.18,4.38,4.38,74221891
2014-12-03,4.46,4.47,4.28,4.29,4.29,53059512
2014-12-04,4.27,4.56,4.25,4.54,4.54,36778676
2014-12-05,4.57,4.64,4.51,4.55,4.55,39207744
2014-12-08,4.58,4.58,4.34,4.36,4.36,20242562
2014-12-09,4.37,4.5,4.28,4.32,4.32,20384248
2014-12-10,4.32,4.33,4.1,4.15,4.15,41510064
2014-12-11,4.1,4.15,4.1,4.12,4.12,20260034
2014-12-12,4.2,4.2,4.04,4.12,4.12,18492048
2014-12-15,4.1,4.12,3.95,4.0,4.0,30619718
2014-12-16,4.0,4.05,3.89,3.93,3.93,43570033
2014-12-17,3.9,4.0,3.78,3.8,3.8,37184809
2014-12-18,3.83,3.93,3.75,3.83,3.83,18233580
2014-12-19,3.88,3.97,3.8,3.95,3.95,23815300
2014-12-22,3.9,4.05,3.86,4.05,4.05,15287528
2014-12-23,4.09,4.11,4.0,4.03,4.03,14741514
2014-12-24,4.04,4.05,3.97,4.02,4.02,4967706
2014-12-29,4.09,4.24,4.06,4.22,4.22,20739040
2014-12-30,4.14,4.26,4.14,4.24,4.24,19334182
2014-12-31,4.26,4.46,4.22,4.44,4.44,27312735
2015-01-02,4.4,4.44,4.35,4.44,4.44,10630778
2015-01-05,4.39,4.48,4.35,4.46,4.46,24867660
2015-01-06,4.4,4.53,4.39,4.45,4.45,23661670
2015-01-07,4.4,4.5,4.4,4.44,4.44,14780060
2015-01-08,4.45,4.49,4.39,4.41,4.41,12432080
2015-01-09,4.45,4.46,4.41,4.45,4.45,8712397
2015-01-12,4.44,4.45,4.39,4.41,4.41,5801342
2015-01-13,4.45,4.45,4.37,4.38,4.38,10925235
2015-01-14,4.41,4.42,4.36,4.41,4.41,7979825
2015-01-15,4.4,4.4,4.26,4.29,4.29,17067699
2015-01-16,4.33,4.33,4.22,4.24,4.24,10901285
2015-01-19,4.25,4.27,4.12,4.16,4.16,10845250
2015-01-20,4.15,4.25,4.08,4.16,4.16,13033502
2015-01-21,4.2,4.33,4.18,4.32,4.32,17390069
2015-01-22,4.33,4.34,4.21,4.31,4.31,17676136
2015-01-23,4.35,4.48,4.35,4.44,4.44,30834138
2015-01-26,4.45,4.59,4.42,4.58,4.58,32288156
2015-01-27,4.49,4.6,4.47,4.5,4.5,23685000
2015-01-28,4.52,4.56,4.46,4.47,4.47,11188076
2015-01-29,4.45,4.47,4.43,4.45,4.45,11526571
2015-01-30,4.43,4.45,4.38,4.4,4.4,11293766
2015-02-02,4.38,4.42,4.35,4.42,4.42,7024548
2015-02-03,4.44,4.44,4.33,4.35,4.35,12464663
2015-02-04,4.39,4.39,4.32,4.35,4.35,8934652
2015-02-05,4.38,4.4,4.26,4.28,4.28,12324068
2015-02-06,4.35,4.46,4.3,4.45,4.45,14531782
2015-02-09,4.44,4.45,4.34,4.44,4.44,7149107
2015-02-10,4.44,4.44,4.38,4.41,4.41,6677408
2015-02-11,4.39,4.44,4.32,4.44,4.44,13727892
2015-02-12,4.4,4.43,4.35,4.39,4.39,9669660
2015-02-13,4.36,4.45,4.36,4.43,4.43,8743668
2015-02-16,4.44,4.44,4.35,4.41,4.41,4158200
2015-02-17,4.44,4.44,4.38,4.42,4.42,4549770
2015-02-18,4.41,4.44,4.38,4.42,4.42,4406327
2015-02-23,4.56,4.56,4.33,4.41,4.41,18692978
2015-02-24,4.41,4.41,4.34,4.35,4.35,16479144
2015-02-25,4.34,4.4,4.33,4.36,4.36,8615500
2015-02-26,4.35,4.35,4.24,4.34,4.34,29270516
2015-02-27,4.33,4.37,4.28,4.3,4.3,14608076
2015-03-02,4.27,4.34,4.22,4.27,4.27,12683383
2015-03-03,4.3,4.3,4.19,4.22,4.22,20647012
2015-03-04,4.2,4.27,4.17,4.21,4.21,18276376
2015-03-05,4.18,4.25,4.18,4.21,4.21,19961235
2015-03-06,4.23,4.26,4.15,4.18,4.18,13834560
2015-03-09,4.18,4.19,4.11,4.16,4.16,26972495
2015-03-10,4.13,4.16,4.04,4.04,4.04,23718384
2015-03-11,4.02,4.09,3.98,4.02,4.02,21931352
2015-03-12,4.02,4.06,3.95,4.0,4.0,19947116
2015-03-13,4.05,4.07,3.98,3.99,3.99,14097435
2015-03-16,4.03,4.06,3.98,4.04,4.04,14313707
2015-03-17,4.08,4.08,3.99,4.03,4.03,14322140
2015-03-18,4.04,4.04,4.01,4.03,4.03,9918203
2015-03-19,4.05,4.22,4.01,4.2,4.2,26003761
2015-03-20,4.23,4.27,4.19,4.2,4.2,15915340
2015-03-23,4.23,4.29,4.2,4.23,4.23,21917020
2015-03-24,4.25,4.25,4.07,4.07,4.07,27879828
2015-03-25,4.1,4.15,4.06,4.07,4.07,9798562
2015-03-26,4.11,4.46,4.1,4.39,4.39,167780400
2015-03-27,4.44,4.44,4.31,4.39,4.39,33428854
2015-03-30,4.42,4.57,4.42,4.46,4.46,53951790
2015-03-31,4.48,4.56,4.39,4.41,4.41,29147317
2015-04-01,4.5,4.5,4.4,4.44,4.44,26257984
2015-04-02,4.47,4.74,4.44,4.71,4.71,81777950
2015-04-08,4.94,5.16,4.94,5.13,5.13,161750927
2015-04-09,5.3,5.58,4.94,5.06,5.06,153455543
2015-04-10,5.15,5.31,5.12,5.26,5.26,126776500
2015-04-13,5.45,5.55,5.41,5.53,5.53,159850202
2015-04-14,5.55,5.56,5.3,5.37,5.37,80195118
2015-04-15,5.43,5.47,5.21,5.27,5.27,58720017
2015-04-16,5.22,5.34,5.21,5.29,5.29,53520725
2015-04-17,5.37,5.48,5.19,5.26,5.26,44351075
2015-04-20,5.24,5.26,5.02,5.2,5.2,45892700
2015-04-21,5.33,5.35,5.15,5.25,5.25,29914500
2015-04-22,5.3,5.35,5.18,5.33,5.33,45731840
2015-04-23,5.38,5.41,5.25,5.27,5.27,35419180
2015-04-24,5.24,5.35,5.21,5.34,5.34,23154790
2015-04-27,5.36,5.36,5.26,5.3,5.3,30429440
2015-04-28,5.32,5.34,5.25,5.34,5.34,25784190
2015-04-29,5.34,5.35,5.29,5.35,5.35,21672500
2015-04-30,5.35,5.48,5.29,5.42,5.42,72999637
2015-05-04,5.44,5.48,5.37,5.4,5.4,46241634
2015-05-05,5.47,5.48,5.26,5.33,5.33,27884484
2015-05-06,5.38,5.42,5.28,5.35,5.35,22214000
2015-05-07,5.35,5.39,5.29,5.35,5.35,29263386
2015-05-08,5.48,5.48,5.35,5.39,5.39,19173252
2015-05-11,5.45,5.48,5.42,5.46,5.46,16022208
2015-05-12,5.45,5.75,5.44,5.6,5.6,70078612
2015-05-13,5.68,5.9,5.63,5.79,5.79,79009498
2015-05-14,5.85,5.89,5.6,5.67,5.67,34114790
2015-05-15,5.65,5.69,5.53,5.64,5.64,26329460
2015-05-18,5.71,5.95,5.6,5.94,5.94,93244000
2015-05-19,5.9,6.05,5.88,5.99,5.99,72547253
2015-05-20,6.0,6.0,5.94,6.0,6.0,43645706
2015-05-21,5.97,6.13,5.89,6.0,6.0,104410694
2015-05-22,5.99,6.05,5.95,5.96,5.96,26564532
2015-05-26,5.98,6.11,5.97,6.01,6.01,60785660
2015-05-27,5.95,6.01,5.8,5.88,5.88,44981277
2015-05-28,5.95,5.97,5.72,5.84,5.84,33606300
2015-05-29,5.85,5.95,5.8,5.94,5.94,155019770
2015-06-01,6.0,6.19,6.0,6.06,6.06,69179637
2015-06-02,6.15,6.15,5.99,6.02,6.02,29757706
2015-06-03,6.0,6.01,5.82,5.92,5.92,23407798
2015-06-04,5.92,6.0,5.83,5.92,5.92,31175506
2015-06-05,5.9,5.97,5.83,5.9,5.9,24390776
2015-06-08,5.86,5.88,5.42,5.65,5.65,44969503
2015-06-09,5.6,5.65,5.4,5.52,5.52,26129020
2015-06-10,5.62,5.78,5.54,5.74,5.74,36886784
2015-06-11,5.67,5.76,5.67,5.75,5.75,14988385
2015-06-12,5.78,5.88,5.68,5.87,5.87,13560474
2015-06-15,5.8,5.8,5.71,5.72,5.72,9684500
2015-06-16,5.77,5.77,5.49,5.5,5.5,20666000
2015-06-17,5.6,5.67,5.55,5.6,5.6,17971075
2015-06-18,5.64,5.72,5.61,5.62,5.62,11050000
2015-06-19,5.6,5.67,5.5,5.53,5.53,16382498
2015-06-22,5.57,5.59,5.5,5.55,5.55,7243966
2015-06-23,5.55,5.6,5.49,5.51,5.51,10696631
2015-06-24,5.56,5.58,5.28,5.3,5.3,21008412
2015-06-25,5.3,5.6,5.3,5.6,5.6,22664244
2015-06-26,5.6,5.6,5.34,5.39,5.39,23277209
2015-06-29,5.45,5.45,5.22,5.32,5.32,18105748
2015-06-30,5.4,5.45,5.24,5.28,5.28,20204565
2015-07-02,5.45,5.47,5.25,5.41,5.41,19276244
2015-07-03,5.38,5.38,5.09,5.16,5.16,16290000
2015-07-06,5.16,5.34,4.66,4.95,4.95,31457000
2015-07-07,5.26,5.26,4.5,4.69,4.69,34446914
2015-07-08,4.68,4.68,4.26,4.41,4.41,56098878
2015-07-09,4.41,4.89,4.36,4.83,4.83,31522500
2015-07-10,4.85,5.24,4.85,5.05,5.05,35784205
2015-07-13,5.1,5.36,5.09,5.23,5.23,44841020
2015-07-14,5.27,5.36,5.12,5.23,5.23,36876600
2015-07-15,5.22,5.33,5.04,5.12,5.12,15955644
2015-07-16,5.22,5.26,5.09,5.16,5.16,13735558
2015-07-17,5.24,5.36,5.16,5.19,5.19,11783438
2015-07-20,5.32,5.36,5.19,5.28,5.28,19616318
2015-07-21,5.38,5.55,5.26,5.43,5.43,32396730
2015-07-22,5.49,5.55,5.32,5.44,5.44,18995280
2015-07-23,5.48,5.55,5.44,5.46,5.46,18630238
2015-07-24,5.46,5.48,5.15,5.21,5.21,16409177
2015-07-27,5.2,5.2,4.94,4.99,4.99,20771800
2015-07-28,4.9,5.16,4.89,4.91,4.91,16722028
2015-07-29,4.87,4.97,4.87,4.91,4.91,10161918
2015-07-30,4.9,5.06,4.89,4.94,4.94,11294332
2015-07-31,5.01,5.17,4.95,4.97,4.97,23999092
2015-08-03,5.0,5.1,4.91,4.98,4.98,15014790
2015-08-04,5.0,5.08,4.9,4.91,4.91,16355158
2015-08-05,5.0,5.07,4.9,4.92,4.92,19846128
2015-08-06,5.05,5.07,4.9,4.92,4.92,13600535
2015-08-07,4.9,5.01,4.9,4.93,4.93,13637717
2015-08-10,4.94,4.97,4.85,4.9,4.9,13822800
2015-08-11,4.96,5.02,4.88,4.95,4.95,17357850
2015-08-12,4.95,5.06,4.89,5.06,5.06,16124325
2015-08-13,4.98,4.98,4.7,4.74,4.74,38054659
2015-08-14,4.76,4.85,4.64,4.66,4.66,19320500
2015-08-17,4.76,4.76,4.59,4.64,4.64,13244222
2015-08-18,4.73,4.73,4.57,4.58,4.58,19655082
2015-08-19,4.66,4.7,4.4,4.41,4.41,24462382
2015-08-20,4.4,4.5,4.33,4.34,4.34,26085754
2015-08-21,4.33,4.34,4.15,4.24,4.24,21293680
2015-08-24,4.1,4.13,3.94,4.0,4.0,30725445
2015-08-25,4.02,4.07,3.93,3.97,3.97,50319889
2015-08-26,3.96,4.12,3.96,4.03,4.03,14186718
2015-08-27,4.15,4.28,4.0,4.07,4.07,34539090
2015-08-28,4.27,4.32,3.95,4.02,4.02,28731932
2015-08-31,4.16,4.16,3.93,4.07,4.07,24542998
2015-09-01,4.19,4.19,3.95,4.05,4.05,19650166
2015-09-02,4.03,4.05,3.96,4.03,4.03,22113334
2015-09-04,4.13,4.14,4.0,4.02,4.02,17779515
2015-09-07,4.0,4.08,3.96,3.97,3.97,11447000
2015-09-08,3.97,3.99,3.93,3.98,3.98,24318417
2015-09-09,4.06,4.13,4.02,4.09,4.09,25625563
2015-09-10,4.08,4.09,4.0,4.09,4.09,13141739
2015-09-11,4.09,4.2,4.02,4.14,4.14,11270500
2015-09-14,4.2,4.2,4.08,4.19,4.19,10699192
2015-09-15,4.21,4.21,4.06,4.08,4.08,13519000
2015-09-16,4.19,4.19,4.03,4.1,4.1,15833320
2015-09-17,4.16,4.18,4.05,4.09,4.09,16117066
2015-09-18,4.16,4.21,4.06,4.19,4.19,17798068
2015-09-21,4.15,4.18,4.06,4.16,4.16,9562282
2015-09-22,4.24,4.28,4.06,4.14,4.14,26777620
2015-09-23,4.05,4.12,3.98,4.08,4.08,11173725
2015-09-24,4.13,4.2,4.04,4.06,4.06,22929789
2015-09-25,4.1,4.1,3.99,4.04,4.04,10877874
2015-09-29,3.8,3.87,3.79,3.84,3.84,25911000
2015-09-30,3.82,3.9,3.8,3.84,3.84,14360781
2015-10-02,3.9,3.95,3.85,3.9,3.9,19256658
2015-10-05,4.02,4.02,3.91,3.94,3.94,12645729
2015-10-06,3.94,4.09,3.94,4.04,4.04,12986588
2015-10-07,4.07,4.32,4.05,4.32,4.32,29514610
2015-10-08,4.26,4.33,4.1,4.3,4.3,23983000
2015-10-09,4.39,4.46,4.29,4.3,4.3,33586771
2015-10-12,4.35,4.45,4.28,4.35,4.35,32518717
2015-10-13,4.35,4.51,4.33,4.46,4.46,18579637
2015-10-14,4.38,4.47,4.31,4.35,4.35,7489223
2015-10-15,4.35,4.36,4.2,4.34,4.34,12620538
2015-10-16,4.34,4.44,4.29,4.39,4.39,13177272
2015-10-19,4.46,4.5,4.39,4.49,4.49,23165936
2015-10-20,4.47,4.57,4.42,4.55,4.55,23353217
2015-10-22,4.51,4.55,4.37,4.43,4.43,16344600
2015-10-23,4.51,4.59,4.49,4.52,4.52,14268500
2015-10-26,4.5,4.57,4.48,4.5,4.5,12038314
2015-10-27,4.44,4.52,4.33,4.34,4.34,47324664
2015-10-28,4.38,4.46,4.26,4.3,4.3,31577984
2015-10-29,4.3,4.3,4.14,4.25,4.25,31454973
2015-10-30,4.23,4.31,4.19,4.29,4.29,17372711
2015-11-02,4.22,4.32,4.15,4.21,4.21,17866664
2015-11-03,4.26,4.3,4.21,4.26,4.26,11575273
2015-11-04,4.3,4.3,4.23,4.25,4.25,16573490
2015-11-05,4.17,4.24,4.17,4.21,4.21,20157500
2015-11-06,4.3,4.3,4.14,4.16,4.16,12615132
2015-11-09,4.25,4.25,4.11,4.16,4.16,13972075
2015-11-10,4.22,4.22,4.03,4.13,4.13,13242727
2015-11-11,4.1,4.14,4.0,4.1,4.1,12303016
2015-11-12,4.11,4.18,4.05,4.11,4.11,19276686
2015-11-13,4.1,4.17,4.0,4.03,4.03,13220319
2015-11-16,3.93,3.95,3.74,3.94,3.94,24833149
2015-11-17,3.99,3.99,3.88,3.96,3.96,22987870
2015-11-18,4.0,4.02,3.89,3.93,3.93,14420914
2015-11-19,3.92,3.95,3.87,3.92,3.92,25288999
2015-11-20,3.9,3.92,3.8,3.88,3.88,26042583
2015-11-23,3.89,3.92,3.82,3.91,3.91,11730479
2015-11-24,3.84,3.91,3.84,3.9,3.9,14145544
2015-11-25,3.93,3.95,3.87,3.91,3.91,6391856
2015-11-26,3.92,3.95,3.86,3.93,3.93,9194340
2015-11-27,3.93,4.02,3.93,3.95,3.95,14629000
2015-11-30,4.1,4.1,3.95,4.0,4.0,25052356
2015-12-01,4.0,4.1,4.0,4.07,4.07,20809189
2015-12-02,4.09,4.1,4.03,4.07,4.07,13633575
2015-12-03,4.02,4.09,3.93,4.05,4.05,13062908
2015-12-04,3.88,3.99,3.86,3.99,3.99,20438785
2015-12-07,4.0,4.01,3.93,3.98,3.98,11761756
2015-12-08,3.94,3.95,3.87,3.92,3.92,12948368
2015-12-09,3.96,3.98,3.9,3.98,3.98,18087854
2015-12-10,4.0,4.05,3.96,4.01,4.01,15684541
2015-12-11,4.01,4.03,3.91,3.97,3.97,10898692
2015-12-14,3.88,3.97,3.87,3.95,3.95,14135628
2015-12-15,3.98,3.99,3.87,3.97,3.97,15859317
2015-12-16,3.97,3.98,3.89,3.92,3.92,24416297
2015-12-17,4.0,4.0,3.89,3.96,3.96,13880000
2015-12-18,3.95,4.03,3.94,4.0,4.0,56776503
2015-12-21,3.97,4.19,3.96,4.14,4.14,21571716
2015-12-22,4.2,4.29,4.19,4.21,4.21,15434396
2015-12-23,4.25,4.38,4.23,4.31,4.31,15681546
2015-12-24,4.28,4.3,4.27,4.29,4.29,7363561
2015-12-28,4.3,4.34,4.27,4.31,4.31,7650000
2015-12-29,4.31,4.55,4.31,4.38,4.38,13653957
2015-12-30,4.4,4.46,4.34,4.39,4.39,8961041
2015-12-31,4.44,4.44,4.3,4.33,4.33,1831217
2016-01-04,4.3,4.38,4.17,4.26,4.26,13262721
2016-01-05,4.38,4.6,4.32,4.4,4.4,32433625
2016-01-06,4.43,4.47,4.31,4.38,4.38,10994509
2016-01-07,4.4,4.4,4.21,4.3,4.3,19201223
2016-01-08,4.3,4.31,4.14,4.25,4.25,16917999
2016-01-11,4.3,4.3,4.16,4.26,4.26,12751044
2016-01-12,4.33,4.37,4.3,4.31,4.31,15819810
2016-01-13,4.35,4.38,4.2,4.27,4.27,22155933
2016-01-14,4.26,4.26,4.15,4.23,4.23,11100403
2016-01-15,4.22,4.28,4.16,4.23,4.23,25725254
2016-01-18,4.2,4.28,4.08,4.14,4.14,28479366
2016-01-19,4.15,4.23,4.11,4.21,4.21,10117000
2016-01-20,4.22,4.26,4.16,4.21,4.21,20781795
2016-01-21,4.26,4.39,4.16,4.23,4.23,16158577
2016-01-22,4.3,4.3,4.19,4.24,4.24,28766388
2016-01-25,4.3,4.44,4.28,4.4,4.4,14689967
2016-01-26,4.4,4.4,4.34,4.38,4.38,9660960
2016-01-27,4.35,4.42,4.26,4.33,4.33,20811522
2016-01-28,4.3,4.4,4.29,4.32,4.32,15252089
2016-01-29,4.31,4.46,4.3,4.42,4.42,28882224
2016-02-01,4.38,4.45,4.32,4.4,4.4,27602222
2016-02-02,4.39,4.46,4.39,4.43,4.43,17013153
2016-02-03,4.33,4.39,4.32,4.35,4.35,19818390
2016-02-04,4.4,4.4,4.26,4.29,4.29,18173254
2016-02-05,4.29,4.38,4.26,4.3,4.3,17987650
2016-02-11,4.19,4.4,4.11,4.28,4.28,26017075
2016-02-12,4.2,4.29,4.1,4.24,4.24,12345447
2016-02-15,4.29,4.35,4.25,4.29,4.29,15902132
2016-02-16,4.29,4.31,4.22,4.24,4.24,11927750
2016-02-17,4.25,4.44,4.24,4.32,4.32,13266672
2016-02-18,4.36,4.52,4.36,4.4,4.4,22937620
2016-02-19,4.36,4.5,4.35,4.43,4.43,16143390
2016-02-22,4.4,4.64,4.39,4.55,4.55,35311062
2016-02-23,4.55,4.65,4.53,4.54,4.54,16922000
2016-02-24,4.55,4.62,4.49,4.53,4.53,11855460
2016-02-25,4.6,4.6,4.49,4.53,4.53,14960760
2016-02-26,4.53,4.55,4.43,4.49,4.49,13503882
2016-02-29,4.45,4.61,4.44,4.52,4.52,16142054
2016-03-01,4.52,4.64,4.52,4.55,4.55,10780945
2016-03-02,4.57,4.7,4.54,4.67,4.67,22518502
2016-03-03,4.78,4.88,4.73,4.85,4.85,17994472
2016-03-04,4.85,4.98,4.83,4.97,4.97,17811933
2016-03-07,4.97,4.99,4.83,4.88,4.88,22271182
2016-03-08,4.89,5.0,4.89,4.94,4.94,17118297
2016-03-09,4.95,5.16,4.94,5.03,5.03,35499091
2016-03-10,5.06,5.06,4.98,5.0,5.0,17646517
2016-03-11,5.0,5.04,4.96,5.0,5.0,7999463
2016-03-14,5.04,5.04,4.86,4.98,4.98,14240385
2016-03-15,4.92,5.04,4.92,4.97,4.97,15449953
2016-03-16,5.05,5.05,4.89,5.03,5.03,10835302
2016-03-17,4.98,5.02,4.94,4.96,4.96,26925628
2016-03-18,5.02,5.2,5.01,5.11,5.11,32014147
2016-03-21,5.1,5.23,5.06,5.12,5.12,16835356
2016-03-22,5.12,5.18,4.99,5.04,5.04,16676546
2016-03-23,5.08,5.08,5.01,5.05,5.05,10862706
2016-03-24,5.09,5.12,4.93,5.01,5.01,16561800
2016-03-29,5.09,5.24,5.04,5.17,5.17,16107238
2016-03-30,5.42,5.65,5.42,5.62,5.62,75827398
2016-03-31,5.67,5.89,5.56,5.62,5.62,52724213
2016-04-01,5.7,5.75,5.53,5.56,5.56,33725460
2016-04-05,5.8,5.87,5.68,5.87,5.87,69382415
2016-04-06,5.9,6.03,5.85,5.97,5.97,58763300
2016-04-07,6.1,6.1,5.81,5.92,5.92,41820932
2016-04-08,5.85,5.85,5.76,5.82,5.82,36561215
2016-04-11,5.82,5.97,5.75,5.83,5.83,25654286
2016-04-12,5.81,5.97,5.81,5.91,5.91,31656674
2016-04-13,5.96,6.03,5.95,5.99,5.99,42301863
2016-04-14,6.07,6.07,5.67,5.76,5.76,35285000
2016-04-15,5.77,5.94,5.76,5.91,5.91,29493018
2016-04-18,5.94,5.97,5.88,5.9,5.9,17286436
2016-04-19,5.98,5.98,5.89,5.96,5.96,11218101
2016-04-20,6.0,6.05,5.84,6.01,6.01,38400719
2016-04-21,6.05,6.19,6.04,6.18,6.18,39711473
2016-04-22,6.11,6.3,6.1,6.2,6.2,39249150
2016-04-25,6.12,6.2,6.05,6.13,6.13,28080502
2016-04-26,6.15,6.42,6.15,6.34,6.34,59200674
2016-04-27,6.31,6.39,6.3,6.34,6.34,36352562
2016-04-28,6.34,6.36,6.08,6.14,6.14,36503438
2016-04-29,6.22,6.29,6.12,6.28,6.28,25181185
2016-05-03,6.4,6.45,6.12,6.2,6.2,38847255
2016-05-04,6.1,6.14,5.96,6.04,6.04,52358135
2016-05-05,6.09,6.09,5.87,5.9,5.9,46161902
2016-05-06,5.86,5.92,5.76,5.82,5.82,34202001
2016-05-09,5.98,5.99,5.84,5.92,5.92,13832001
2016-05-10,5.87,6.04,5.85,6.04,6.04,36047459
2016-05-11,6.1,6.1,6.01,6.05,6.05,29724499
2016-05-12,6.05,6.13,6.02,6.1,6.1,40865933
2016-05-13,6.1,6.14,6.0,6.05,6.05,28478070
2016-05-16,6.08,6.12,6.07,6.12,6.12,23854147
2016-05-17,6.12,6.19,6.11,6.14,6.14,19401000
2016-05-18,6.05,6.18,6.05,6.18,6.18,21383798
2016-05-19,6.12,6.18,5.93,6.0,6.0,19263082
2016-05-20,6.05,6.05,5.96,6.02,6.02,12672511
2016-05-23,5.98,6.1,5.92,5.94,5.94,12017967
2016-05-24,6.0,6.0,5.93,5.98,5.98,10124116
2016-05-25,5.95,6.09,5.95,6.02,6.02,18364199
2016-05-26,5.92,6.05,5.92,5.99,5.99,13134841
2016-05-27,5.94,5.96,5.81,5.83,5.83,17988181
2016-05-30,5.86,5.89,5.8,5.89,5.89,9403506
2016-05-31,5.89,5.99,5.89,5.98,5.98,21287797
2016-06-01,5.89,5.97,5.88,5.96,5.96,18178218
2016-06-02,5.98,5.99,5.93,5.95,5.95,11310407
2016-06-03,5.96,5.98,5.91,5.98,5.98,13485713
2016-06-06,6.04,6.04,5.98,6.0,6.0,16536200
2016-06-07,6.0,6.13,5.99,6.11,6.11,26398400
2016-06-08,6.03,6.15,6.03,6.13,6.13,28095113
2016-06-10,6.0,6.1,5.95,5.98,5.98,18888132
2016-06-13,5.96,5.99,5.84,5.89,5.89,14442265
2016-06-14,5.87,5.9,5.84,5.87,5.87,17456901
2016-06-15,5.86,6.0,5.81,5.94,5.94,16600300
2016-06-16,5.92,6.0,5.91,5.96,5.96,19326823
2016-06-17,5.98,6.06,5.86,5.9,5.9,20286857
2016-06-20,6.04,6.04,5.93,5.95,5.95,8472404
2016-06-21,5.98,6.04,5.88,5.91,5.91,28670350
2016-06-22,5.93,5.98,5.84,5.9,5.9,11906343
2016-06-23,6.15,6.15,5.92,6.01,6.01,33569128
2016-06-24,6.07,6.07,5.76,5.85,5.85,30723078
2016-06-27,5.95,5.96,5.73,5.92,5.92,9355592
2016-06-28,5.85,6.0,5.85,5.94,5.94,16537922
2016-06-29,5.9,6.02,5.9,5.98,5.98,17765138
2016-06-30,6.0,6.1,5.94,6.08,6.08,35637611
2016-07-04,6.15,6.2,6.11,6.18,6.18,29383039
2016-07-05,6.2,6.2,6.12,6.15,6.15,12677400
2016-07-06,6.12,6.15,6.09,6.13,6.13,21189986
2016-07-07,6.05,6.12,6.04,6.06,6.06,17388051
2016-07-08,6.11,6.16,6.05,6.07,6.07,23706900
2016-07-11,6.19,6.19,6.09,6.11,6.11,21670812
2016-07-12,6.37,6.37,6.17,6.31,6.31,60126372
2016-07-13,6.36,6.41,6.29,6.31,6.31,24804012
2016-07-14,6.27,6.31,6.14,6.14,6.14,23945068
2016-07-15,6.07,6.21,6.07,6.11,6.11,32464098
2016-07-18,6.15,6.15,6.09,6.11,6.11,13730041
2016-07-19,6.13,6.21,6.06,6.13,6.13,16293065
2016-07-20,6.06,6.17,6.06,6.16,6.16,9036995
2016-07-21,6.16,6.18,6.08,6.11,6.11,7977838
2016-07-22,6.06,6.08,5.99,6.04,6.04,8692512
2016-07-25,6.05,6.1,6.0,6.07,6.07,5258473
2016-07-26,5.99,6.16,5.99,6.15,6.15,11646772
2016-07-27,6.21,6.21,6.11,6.15,6.15,9198790
2016-07-28,6.25,6.25,6.16,6.16,6.16,20418500
2016-07-29,6.16,6.16,6.06,6.11,6.11,10879704
2016-08-01,6.15,6.2,6.06,6.2,6.2,10806572
2016-08-02,6.2,6.2,6.2,6.2,6.2,0
2016-08-03,6.06,6.15,6.05,6.05,6.05,13885794
2016-08-04,6.06,6.09,6.02,6.04,6.04,12915587
2016-08-05,6.06,6.1,6.02,6.03,6.03,9291415
2016-08-08,6.03,6.1,5.97,5.99,5.99,15032940
2016-08-09,5.99,6.03,5.96,5.96,5.96,17022094
2016-08-10,6.0,6.03,5.9,5.91,5.91,14902341
2016-08-11,6.03,6.17,5.98,6.08,6.08,12192816
2016-08-12,6.23,6.23,6.0,6.09,6.09,20902000
2016-08-15,6.05,6.16,6.0,6.11,6.11,7832444
2016-08-16,6.15,6.2,6.11,6.16,6.16,19297065
2016-08-17,6.2,6.37,6.15,6.33,6.33,32996843
2016-08-18,6.39,6.39,6.2,6.21,6.21,18289192
2016-08-19,6.2,6.25,6.04,6.04,6.04,19554117
2016-08-22,6.26,6.3,6.02,6.09,6.09,16521147
2016-08-23,6.05,6.17,6.03,6.17,6.17,13036187
2016-08-24,6.2,6.26,6.17,6.26,6.26,25171316
2016-08-25,6.1,6.11,5.9,6.0,6.0,1014306709
2016-08-26,6.01,6.1,6.0,6.07,6.07,40401259
2016-08-29,6.16,6.17,6.05,6.08,6.08,19419382
2016-08-30,6.11,6.13,5.95,6.05,6.05,27331809
2016-08-31,6.13,6.13,6.04,6.1,6.1,33358099
2016-09-01,6.05,6.12,6.03,6.08,6.08,23608078
2016-09-02,6.05,6.12,6.05,6.1,6.1,20998900
2016-09-05,6.14,6.14,6.07,6.1,6.1,14986648
2016-09-06,6.1,6.12,6.06,6.12,6.12,14503250
2016-09-07,6.12,6.13,6.02,6.05,6.05,26769868
2016-09-08,6.14,6.19,6.09,6.18,6.18,52125147
2016-09-09,6.29,6.35,6.2,6.31,6.31,55509675
2016-09-12,6.28,6.28,6.17,6.19,6.19,30845446
2016-09-13,6.25,6.32,6.16,6.2,6.2,16981917
2016-09-14,6.28,6.28,6.15,6.17,6.17,18824966
2016-09-15,6.27,6.33,6.23,6.33,6.33,53817653
2016-09-19,6.37,6.47,6.32,6.42,6.42,41346929
2016-09-20,6.5,6.5,6.38,6.4,6.4,30450422
2016-09-21,6.48,6.48,6.38,6.4,6.4,22133042
2016-09-22,6.46,6.49,6.36,6.39,6.39,14003250
2016-09-23,6.41,6.43,6.33,6.41,6.41,11957754
2016-09-26,6.35,6.43,6.23,6.3,6.3,12322680
2016-09-27,6.23,6.37,6.23,6.37,6.37,13669731
2016-09-28,6.3,6.35,6.21,6.28,6.28,19787406
2016-09-29,6.4,6.41,6.31,6.33,6.33,10433618
2016-09-30,6.25,6.34,6.15,6.24,6.24,24288056
2016-10-03,6.33,6.34,6.23,6.3,6.3,7965012
2016-10-04,6.35,6.48,6.3,6.46,6.46,17978633
2016-10-05,6.47,6.47,6.38,6.39,6.39,13401663
2016-10-06,6.43,6.59,6.4,6.55,6.55,33177387
2016-10-07,6.55,6.6,6.5,6.6,6.6,12555975
2016-10-11,6.68,6.85,6.68,6.8,6.8,37468981
2016-10-12,6.79,6.88,6.7,6.8,6.8,20632163
2016-10-13,6.8,6.95,6.65,6.67,6.67,16393969
2016-10-14,6.74,6.74,6.61,6.68,6.68,13965697
2016-10-17,6.65,6.83,6.61,6.83,6.83,17020271
2016-10-18,6.85,7.04,6.77,6.96,6.96,31950205
2016-10-19,7.04,7.1,6.98,7.06,7.06,33641205
2016-10-20,7.1,7.11,6.98,7.0,7.0,20905401
2016-10-21,7.0,7.0,7.0,7.0,7.0,0
2016-10-24,7.13,7.2,6.97,7.2,7.2,32071113
2016-10-25,7.21,7.21,7.01,7.03,7.03,21340443
2016-10-26,7.04,7.04,6.85,6.86,6.86,27516041
2016-10-27,6.94,6.96,6.67,6.79,6.79,26249265
2016-10-28,6.3,6.3,6.18,6.23,6.23,1124648007
2016-10-31,6.29,6.34,6.25,6.29,6.29,78516611
2016-11-01,6.28,6.33,6.21,6.29,6.29,28755233
2016-11-02,6.27,6.28,6.13,6.18,6.18,32417973
2016-11-03,6.28,6.28,6.19,6.24,6.24,24866676
2016-11-04,6.23,6.24,6.16,6.2,6.2,31604754
2016-11-07,6.26,6.39,6.22,6.39,6.39,56664620
2016-11-08,6.58,6.58,6.36,6.4,6.4,58371401
2016-11-09,6.48,6.48,6.18,6.28,6.28,46105512
2016-11-10,6.39,6.58,6.36,6.54,6.54,64749374
2016-11-11,6.58,6.58,6.44,6.49,6.49,106851465
2016-11-14,6.41,6.42,6.18,6.24,6.24,93288196
2016-11-15,6.3,6.36,6.2,6.36,6.36,42748523
2016-11-16,6.47,6.47,6.3,6.44,6.44,43713076
2016-11-17,6.4,6.4,6.2,6.27,6.27,34196816
2016-11-18,6.38,6.41,6.32,6.38,6.38,30306763
2016-11-21,6.39,6.39,6.24,6.24,6.24,25321222
2016-11-22,6.31,6.31,6.2,6.25,6.25,30580734
2016-11-23,6.3,6.31,6.16,6.19,6.19,21068763
2016-11-24,6.14,6.34,6.13,6.21,6.21,11663678
2016-11-25,6.21,6.31,6.21,6.31,6.31,12247982
2016-11-28,6.33,6.35,6.28,6.31,6.31,17263548
2016-11-29,6.33,6.33,6.24,6.33,6.33,25321892
2016-11-30,6.28,6.45,6.28,6.45,6.45,75931914
2016-12-01,6.31,6.42,6.25,6.26,6.26,28715418
2016-12-02,6.36,6.36,6.21,6.27,6.27,25203543
2016-12-05,6.32,6.43,6.22,6.35,6.35,38495277
2016-12-06,6.41,6.41,6.27,6.34,6.34,41008856
2016-12-07,6.39,6.48,6.34,6.45,6.45,41652817
2016-12-08,6.54,6.62,6.47,6.51,6.51,45935162
2016-12-09,6.7,6.7,6.52,6.61,6.61,56469167
2016-12-12,6.72,6.72,6.56,6.6,6.6,30676738
2016-12-13,6.7,6.73,6.6,6.7,6.7,38857671
2016-12-14,6.7,6.74,6.56,6.58,6.58,26761419
2016-12-15,6.69,6.69,6.38,6.53,6.53,26043235
2016-12-16,6.47,6.52,6.39,6.49,6.49,24598923
2016-12-19,6.41,6.48,6.27,6.33,6.33,14003609
2016-12-20,6.39,6.41,6.24,6.24,6.24,15216495
2016-12-21,6.2,6.31,6.14,6.25,6.25,26592041
2016-12-22,6.31,6.32,6.17,6.24,6.24,14659372
2016-12-23,6.27,6.38,6.18,6.22,6.22,16952593
2016-12-28,6.28,6.31,6.19,6.28,6.28,14329923
2016-12-29,6.22,6.25,6.02,6.22,6.22,21439432
2016-12-30,6.19,6.28,6.14,6.27,6.27,10267566
2017-01-03,6.29,6.31,6.19,6.22,6.22,10795050
2017-01-04,6.19,6.28,6.19,6.28,6.28,12632355
2017-01-05,6.21,6.31,6.21,6.29,6.29,18410396
2017-01-06,6.32,6.32,6.13,6.13,6.13,23084153
2017-01-09,6.13,6.22,6.07,6.13,6.13,20889569
2017-01-10,6.18,6.25,6.16,6.25,6.25,15389825
2017-01-11,6.3,6.37,6.22,6.36,6.36,24887283
2017-01-12,6.34,6.45,6.21,6.26,6.26,30914706
2017-01-13,6.25,6.36,6.24,6.34,6.34,10443000
2017-01-16,6.3,6.31,6.16,6.19,6.19,10104332
2017-01-17,6.19,6.22,6.09,6.13,6.13,27400184
2017-01-18,6.15,6.18,6.11,6.16,6.16,13359852
2017-01-19,6.18,6.23,6.12,6.19,6.19,14177820
2017-01-20,6.12,6.16,6.01,6.03,6.03,22502402
2017-01-23,6.0,6.01,5.73,5.75,5.75,58302968
2017-01-24,5.7,5.75,5.66,5.72,5.72,47874400
2017-01-25,5.7,5.99,5.69,5.9,5.9,47250701
2017-01-26,5.95,6.0,5.91,5.99,5.99,27755920
2017-01-27,5.95,5.95,5.82,5.92,5.92,10568655
2017-02-01,5.75,5.88,5.75,5.88,5.88,13817953
2017-02-02,5.9,5.9,5.82,5.88,5.88,18039633
2017-02-03,5.8,5.92,5.8,5.91,5.91,18174312
2017-02-06,5.95,6.03,5.87,5.91,5.91,17711619
2017-02-07,5.92,5.94,5.85,5.89,5.89,18695517
2017-02-08,5.89,5.89,5.73,5.84,5.84,33305419
2017-02-09,5.8,5.9,5.8,5.87,5.87,34127695
2017-02-10,5.98,5.99,5.89,5.96,5.96,45318436
2017-02-13,5.91,6.0,5.9,5.98,5.98,24315500
2017-02-14,5.95,5.99,5.93,5.98,5.98,24311170
2017-02-15,6.01,6.07,5.93,5.96,5.96,28564568
2017-02-16,5.99,5.99,5.93,5.95,5.95,22383945
2017-02-17,5.97,6.11,5.95,6.02,6.02,27843383
2017-02-20,6.06,6.09,6.02,6.04,6.04,18427127
2017-02-21,6.09,6.1,6.03,6.04,6.04,16013376
2017-02-22,6.03,6.14,6.03,6.14,6.14,23123957
2017-02-23,6.14,6.14,6.07,6.1,6.1,24162609
2017-02-24,6.08,6.1,6.05,6.06,6.06,18039981
2017-02-27,6.05,6.12,6.04,6.07,6.07,19763887
2017-02-28,6.09,6.12,6.05,6.07,6.07,35518727
2017-03-01,6.1,6.14,6.06,6.12,6.12,19659086
2017-03-02,6.1,6.12,6.05,6.09,6.09,25750702
2017-03-03,6.02,6.05,5.99,6.02,6.02,15737605
2017-03-06,6.14,6.14,6.01,6.02,6.02,20015961
2017-03-07,6.12,6.17,6.0,6.15,6.15,26570681
2017-03-08,6.08,6.15,6.06,6.09,6.09,18735911
2017-03-09,6.12,6.12,6.06,6.08,6.08,14794596
2017-03-10,6.03,6.08,6.0,6.03,6.03,15200383
2017-03-13,6.01,6.03,5.93,5.95,5.95,17354088
2017-03-14,5.93,6.03,5.91,6.01,6.01,15602760
2017-03-15,5.92,6.04,5.92,5.94,5.94,11741582
2017-03-16,6.01,6.01,5.91,5.96,5.96,21909195
2017-03-17,5.91,5.97,5.88,5.95,5.95,26266283
2017-03-20,5.94,5.97,5.85,5.94,5.94,11197414
2017-03-21,6.0,6.18,5.93,6.02,6.02,34215500
2017-03-22,5.99,6.06,5.95,6.06,6.06,36740748
2017-03-23,6.23,6.72,6.23,6.66,6.66,123642416
2017-03-24,6.7,6.8,6.59,6.65,6.65,38253314
2017-03-27,6.68,6.7,6.52,6.55,6.55,38932578
2017-03-28,6.6,6.75,6.58,6.68,6.68,32368026
2017-03-29,6.75,6.75,6.64,6.69,6.69,30394360
2017-03-30,6.68,6.71,6.6,6.68,6.68,34310116
2017-03-31,6.7,6.74,6.63,6.7,6.7,43981240
2017-04-03,6.75,6.76,6.64,6.76,6.76,22864835
2017-04-05,6.72,6.86,6.71,6.86,6.86,68202459
2017-04-06,6.86,6.86,6.75,6.8,6.8,27764600
2017-04-07,6.73,6.83,6.73,6.81,6.81,26627418
2017-04-10,6.85,6.88,6.76,6.87,6.87,17575678
2017-04-11,6.8,6.91,6.8,6.9,6.9,44207412
2017-04-12,6.95,6.95,6.81,6.81,6.81,19071759
2017-04-13,6.85,6.89,6.78,6.88,6.88,13838690
2017-04-18,6.85,6.89,6.79,6.89,6.89,43193302
2017-04-19,6.85,6.85,6.64,6.85,6.85,23868610
2017-04-20,6.81,6.89,6.76,6.89,6.89,22932503
2017-04-21,6.9,6.99,6.86,6.94,6.94,25273769
2017-04-24,6.9,6.9,6.73,6.78,6.78,16325880
2017-04-25,6.79,6.85,6.75,6.84,6.84,15036331
2017-04-26,6.88,6.88,6.75,6.79,6.79,15412763
2017-04-27,6.78,6.92,6.78,6.92,6.92,24850224
2017-04-28,6.99,7.0,6.68,6.95,6.95,82815155
2017-05-02,6.95,7.04,6.91,7.0,7.0,63943587
2017-05-04,7.0,7.0,6.83,6.86,6.86,33425075
2017-05-05,6.85,6.91,6.79,6.79,6.79,31698905
2017-05-08,6.79,6.84,6.73,6.77,6.77,26233745
2017-05-09,6.98,6.98,6.78,6.8,6.8,45174881
2017-05-10,6.78,6.88,6.78,6.82,6.82,46773791
2017-05-11,6.8,6.84,6.74,6.79,6.79,33347391
2017-05-12,6.83,6.87,6.78,6.83,6.83,47935477
2017-05-15,6.85,6.85,6.75,6.83,6.83,25351686
2017-05-16,6.87,6.87,6.78,6.83,6.83,44729666
2017-05-17,6.85,6.85,6.79,6.83,6.83,28322326
2017-05-18,6.83,6.86,6.77,6.85,6.85,49363448
2017-05-19,6.88,6.98,6.85,6.96,6.96,45533610
2017-05-22,6.75,6.98,6.75,6.95,6.95,1060958648
2017-05-23,6.98,7.0,6.9,7.0,7.0,54336289
2017-05-24,6.97,7.02,6.96,7.02,7.02,44434280
2017-05-25,7.15,7.17,7.06,7.13,7.13,76761272
2017-05-26,6.98,7.17,6.96,7.09,7.09,54429693
2017-05-29,7.12,7.2,7.1,7.2,7.2,38977764
2017-05-31,7.2,7.3,7.13,7.3,7.3,91427885
2017-06-01,7.24,7.35,7.23,7.29,7.29,69683430
2017-06-02,7.35,7.39,7.28,7.39,7.39,62843799
2017-06-05,7.43,7.49,7.34,7.49,7.49,45417430
2017-06-06,7.47,7.59,7.44,7.58,7.58,64648120
2017-06-07,7.58,7.58,7.35,7.36,7.36,60181116
2017-06-08,7.38,7.52,7.36,7.46,7.46,36849685
2017-06-09,7.52,7.52,7.16,7.36,7.36,112014112
2017-06-12,7.31,7.45,7.26,7.3,7.3,30418458
2017-06-13,7.34,7.48,7.33,7.48,7.48,30807359
2017-06-14,7.65,7.65,7.48,7.53,7.53,51818712
2017-06-15,7.45,7.47,7.38,7.45,7.45,20976113
2017-06-16,7.4,7.56,7.4,7.5,7.5,36177374
2017-06-19,7.52,7.53,7.43,7.53,7.53,29468734
2017-06-20,7.53,7.54,7.49,7.5,7.5,24300495
2017-06-21,7.43,7.45,7.34,7.4,7.4,47772569
2017-06-22,7.4,7.54,7.38,7.42,7.42,31017701
2017-06-23,7.5,7.64,7.45,7.63,7.63,50662176
2017-06-26,7.55,7.62,7.46,7.6,7.6,26406527
2017-06-27,7.6,7.7,7.56,7.7,7.7,29861156
2017-06-28,7.71,7.8,7.68,7.8,7.8,38566054
2017-06-29,7.8,7.86,7.77,7.86,7.86,47020911
2017-06-30,7.86,7.88,7.78,7.88,7.88,46270607
2017-07-03,7.88,7.88,7.72,7.75,7.75,27205590
2017-07-04,7.82,7.86,7.65,7.71,7.71,19152890
2017-07-05,7.75,7.85,7.63,7.7,7.7,24248318
2017-07-06,7.8,7.86,7.7,7.86,7.86,30046104
2017-07-07,7.74,7.92,7.74,7.91,7.91,22590859
2017-07-10,7.95,7.95,7.74,7.79,7.79,16068391
2017-07-11,7.79,7.88,7.74,7.75,7.75,22499994
2017-07-12,7.8,7.82,7.63,7.66,7.66,30771777
2017-07-13,7.7,7.76,7.61,7.64,7.64,29640207
2017-07-14,7.7,7.89,7.68,7.85,7.85,18415791
2017-07-17,7.9,7.9,7.5,7.58,7.58,48170351
2017-07-18,7.58,7.65,7.51,7.58,7.58,52227134
2017-07-19,7.6,7.67,7.55,7.57,7.57,21451454
2017-07-20,7.65,7.65,7.56,7.59,7.59,34518565
2017-07-21,7.65,7.65,7.57,7.6,7.6,16304954
2017-07-24,7.6,7.65,7.55,7.62,7.62,20581313
2017-07-25,7.7,7.76,7.64,7.67,7.67,17661718
2017-07-26,7.7,7.75,7.64,7.7,7.7,18271899
2017-07-27,7.68,7.76,7.58,7.6,7.6,22755293
2017-07-28,7.68,7.68,7.5,7.55,7.55,12274993
2017-07-31,7.48,7.5,7.3,7.33,7.33,39738774
2017-08-01,7.4,7.5,7.32,7.38,7.38,29754421
2017-08-02,7.38,7.39,7.34,7.35,7.35,20438045
2017-08-03,7.46,7.53,7.36,7.49,7.49,32445912
2017-08-04,7.43,7.47,7.35,7.44,7.44,23339533
2017-08-07,7.5,7.5,7.37,7.4,7.4,14791098
2017-08-08,7.49,7.51,7.42,7.49,7.49,18147881
2017-08-09,7.5,7.7,7.49,7.59,7.59,32645002
2017-08-10,7.6,7.71,7.56,7.68,7.68,43203016
2017-08-11,7.6,7.62,7.41,7.5,7.5,32574303
2017-08-14,7.49,7.59,7.42,7.5,7.5,28766617
2017-08-15,7.5,8.0,7.49,7.85,7.85,102347860
2017-08-16,7.96,8.25,7.92,7.98,7.98,73549266
2017-08-17,8.4,8.45,8.14,8.2,8.2,113950560
2017-08-18,8.03,8.05,7.82,7.94,7.94,61908297
2017-08-21,7.9,8.03,7.86,7.94,7.94,29410180
2017-08-22,7.99,8.02,7.92,7.99,7.99,21506615
2017-08-23,7.99,7.99,7.99,7.99,7.99,0
2017-08-24,7.96,8.15,7.93,8.06,8.06,53824648
2017-08-25,8.07,8.19,8.05,8.13,8.13,57935743
2017-08-28,8.21,8.31,8.18,8.26,8.26,42398123
2017-08-29,8.21,8.32,8.21,8.29,8.29,42336427
2017-08-30,8.38,8.38,8.13,8.26,8.26,58871980
2017-08-31,8.24,8.24,8.09,8.18,8.18,59584302
2017-09-01,8.14,8.47,8.13,8.41,8.41,358744429
2017-09-04,8.35,8.5,8.25,8.35,8.35,129815397
2017-09-05,8.35,8.35,8.19,8.3,8.3,30068598
2017-09-06,8.12,8.27,8.12,8.17,8.17,35543913
2017-09-07,8.2,8.25,8.1,8.15,8.15,23361458
2017-09-08,8.12,8.18,8.09,8.15,8.15,25644966
2017-09-11,8.18,8.35,8.13,8.29,8.29,32207584
2017-09-12,8.3,8.3,8.19,8.29,8.29,41565608
2017-09-13,8.21,8.23,8.04,8.2,8.2,33363722
2017-09-14,8.09,8.2,8.01,8.16,8.16,31388126
2017-09-15,8.09,8.13,8.03,8.08,8.08,29093725
2017-09-18,8.04,8.16,8.04,8.13,8.13,13209620
2017-09-19,8.15,8.15,7.95,8.06,8.06,23664869
2017-09-20,8.08,8.09,7.86,7.9,7.9,40775171
2017-09-21,7.92,7.99,7.79,7.97,7.97,39039998
2017-09-22,7.97,8.05,7.83,8.05,8.05,29423968
2017-09-25,7.96,8.0,7.87,7.93,7.93,27487462
2017-09-26,8.0,8.01,7.85,7.88,7.88,34006852
2017-09-27,7.93,8.02,7.87,7.98,7.98,31434473
2017-09-28,8.04,8.05,7.98,8.0,8.0,15712284
2017-09-29,8.1,8.36,7.94,8.3,8.3,50324259
2017-10-03,8.6,8.6,8.22,8.29,8.29,33961651
2017-10-04,8.27,8.39,8.23,8.3,8.3,15644870
2017-10-06,8.31,8.36,8.26,8.35,8.35,27121658
2017-10-09,8.46,8.57,8.35,8.42,8.42,46777309
2017-10-10,8.47,8.65,8.39,8.63,8.63,68318989
2017-10-11,8.56,8.58,8.08,8.2,8.2,70416562
2017-10-12,8.13,8.16,7.82,7.98,7.98,68922107
2017-10-13,7.98,7.98,7.85,7.92,7.92,47008371
2017-10-16,8.01,8.03,7.85,7.9,7.9,21580079
2017-10-17,7.88,7.96,7.79,7.89,7.89,30275533
2017-10-18,7.85,7.97,7.81,7.94,7.94,28797368
2017-10-19,7.94,7.94,7.7,7.77,7.77,36791650
2017-10-20,7.8,7.87,7.73,7.81,7.81,21498806
2017-10-23,7.8,7.8,7.62,7.68,7.68,25245281
2017-10-24,7.63,7.75,7.54,7.57,7.57,45223942
2017-10-25,7.65,7.88,7.65,7.81,7.81,39051202
2017-10-26,7.77,7.91,7.73,7.91,7.91,19496931
2017-10-27,7.98,7.98,7.82,7.85,7.85,21356759
2017-10-30,7.89,7.89,7.72,7.82,7.82,18189226
2017-10-31,7.92,8.04,7.85,7.9,7.9,36187668
2017-11-01,7.96,7.98,7.8,7.9,7.9,34021916
2017-11-02,7.9,7.97,7.85,7.87,7.87,26078015
2017-11-03,7.83,7.92,7.81,7.84,7.84,19837416
2017-11-06,7.95,7.95,7.6,7.91,7.91,35343289
2017-11-07,7.93,7.94,7.79,7.92,7.92,48004766
2017-11-08,7.9,7.92,7.7,7.74,7.74,39725292
2017-11-09,7.74,7.9,7.72,7.9,7.9,35624601
2017-11-10,7.85,7.9,7.74,7.84,7.84,25043048
2017-11-13,7.9,7.92,7.81,7.88,7.88,21121115
2017-11-14,7.89,7.98,7.83,7.93,7.93,31683173
2017-11-15,7.96,7.96,7.79,7.87,7.87,19103390
2017-11-16,7.84,7.88,7.78,7.85,7.85,19279066
2017-11-17,7.93,7.93,7.68,7.7,7.7,27288983
2017-11-20,7.8,7.8,7.59,7.62,7.62,24409766
2017-11-21,7.66,7.77,7.61,7.75,7.75,40338706
2017-11-22,7.75,7.83,7.61,7.7,7.7,29915330
2017-11-23,7.79,7.83,7.74,7.83,7.83,35140912
2017-11-24,7.83,8.1,7.81,8.1,8.1,36214681
2017-11-27,8.04,8.32,7.92,8.28,8.28,52166971
2017-11-28,8.16,8.38,8.11,8.3,8.3,33801071
2017-11-29,8.33,8.4,8.22,8.35,8.35,30110552
2017-11-30,8.35,8.35,8.16,8.29,8.29,97941176
2017-12-01,8.3,8.3,7.96,8.11,8.11,46065216
2017-12-04,8.12,8.4,8.1,8.39,8.39,43570701
2017-12-05,8.42,8.42,8.24,8.28,8.28,36174383
2017-12-06,8.33,8.52,8.25,8.29,8.29,41021485
2017-12-07,8.36,8.42,8.25,8.38,8.38,47215171
2017-12-08,8.4,8.7,8.4,8.68,8.68,61138487
2017-12-11,8.69,8.88,8.6,8.84,8.84,44706919
2017-12-12,8.97,8.97,8.53,8.57,8.57,32478822
2017-12-13,8.35,8.79,8.35,8.77,8.77,29159131
2017-12-14,8.65,8.72,8.5,8.6,8.6,31329675
2017-12-15,8.51,8.58,8.34,8.42,8.42,41538351
2017-12-18,8.31,8.49,8.31,8.45,8.45,17274672
2017-12-19,8.45,8.6,8.19,8.5,8.5,31263804
2017-12-20,8.58,8.8,8.49,8.63,8.63,25656254
2017-12-21,9.31,9.31,8.65,8.76,8.76,29162531
2017-12-22,8.7,8.88,8.64,8.88,8.88,12836194
2017-12-27,8.8,8.93,8.69,8.93,8.93,14369072
2017-12-28,8.92,9.06,8.79,8.96,8.96,27940780
2017-12-29,8.92,8.93,8.8,8.82,8.82,25601059
2018-01-02,8.88,9.04,8.88,9.0,9.0,16593646
2018-01-03,9.0,9.22,9.0,9.2,9.2,29313502
2018-01-04,9.26,9.26,8.91,8.94,8.94,31309265
2018-01-05,9.07,9.07,8.89,9.05,9.05,18446007
2018-01-08,9.16,9.16,8.98,9.03,9.03,23969285
2018-01-09,9.16,9.16,8.86,8.87,8.87,32101579
2018-01-10,8.83,9.19,8.78,9.16,9.16,48850480
2018-01-11,9.08,9.17,9.02,9.12,9.12,29528324
2018-01-12,9.18,9.2,8.89,8.95,8.95,30177060
2018-01-15,8.95,8.98,8.85,8.9,8.9,27471429
2018-01-16,8.78,9.02,8.78,8.96,8.96,21438924
2018-01-17,8.88,8.94,8.72,8.88,8.88,31826626
2018-01-18,8.87,8.89,8.76,8.76,8.76,33407484
2018-01-19,8.71,8.99,8.71,8.99,8.99,24216056
2018-01-22,8.97,9.07,8.85,8.99,8.99,22085606
2018-01-23,8.95,9.06,8.92,9.06,9.06,19579766
2018-01-24,9.1,9.18,8.98,9.14,9.14,25317421
2018-01-25,9.2,9.48,9.09,9.24,9.24,32334096
2018-01-26,9.37,9.37,9.13,9.28,9.28,28728429
2018-01-29,9.27,9.35,9.1,9.26,9.26,20998717
2018-01-30,9.3,9.47,9.22,9.3,9.3,30578689
2018-01-31,9.39,9.86,9.34,9.69,9.69,86770634
2018-02-01,9.75,9.88,9.66,9.74,9.74,158368844
2018-02-02,9.68,9.72,9.56,9.6,9.6,44202512
2018-02-05,9.3,9.46,9.25,9.33,9.33,54010347
2018-02-06,9.14,9.39,9.0,9.12,9.12,111099023
2018-02-07,9.0,9.19,8.96,9.04,9.04,72410223
2018-02-08,9.36,9.36,8.99,9.07,9.07,27631440
2018-02-09,8.72,8.94,8.51,8.63,8.63,91893689
2018-02-12,8.62,8.83,8.57,8.71,8.71,49307293
2018-02-13,8.83,9.12,8.75,9.1,9.1,43812420
2018-02-14,9.0,9.19,9.0,9.05,9.05,21279822
2018-02-15,9.1,9.18,8.9,8.99,8.99,19217457
2018-02-20,9.1,9.11,8.84,9.05,9.05,36525174
2018-02-21,9.1,9.36,9.09,9.35,9.35,19184126
2018-02-22,9.16,9.4,9.06,9.38,9.38,52131883
2018-02-23,9.35,9.45,9.29,9.39,9.39,26781821
2018-02-26,9.44,9.68,9.28,9.65,9.65,33666354
2018-02-27,9.88,9.9,9.41,9.47,9.47,61974570
2018-02-28,9.6,9.7,9.29,9.7,9.7,39065042
2018-03-01,9.22,9.64,9.22,9.6,9.6,36266403
2018-03-02,9.34,9.53,9.31,9.48,9.48,36217379
2018-03-05,9.6,9.62,9.23,9.27,9.27,64394171
2018-03-06,9.29,9.47,9.25,9.25,9.25,38890172
2018-03-07,9.11,9.51,9.1,9.2,9.2,39720213
2018-03-08,9.26,9.4,9.2,9.33,9.33,21179616
2018-03-09,9.48,9.66,9.44,9.53,9.53,14445611
2018-03-12,9.85,9.85,9.52,9.6,9.6,17347849
2018-03-13,9.6,9.6,9.34,9.43,9.43,20304087
2018-03-14,9.38,9.41,9.25,9.3,9.3,23987028
2018-03-15,9.36,9.63,9.25,9.57,9.57,28659726
2018-03-16,9.5,9.56,9.3,9.44,9.44,50684014
2018-03-19,9.28,9.49,9.28,9.43,9.43,17237177
2018-03-20,9.35,9.52,9.31,9.43,9.43,18117753
2018-03-21,9.44,9.68,9.4,9.58,9.58,22323375
2018-03-22,9.51,9.65,9.43,9.47,9.47,18722011
2018-03-23,8.81,9.1,8.5,9.03,9.03,98376048
2018-03-26,8.83,8.93,8.59,8.65,8.65,48479752
2018-03-27,8.5,8.7,8.37,8.38,8.38,64862772
2018-03-28,8.55,8.65,8.38,8.42,8.42,41800738
2018-03-29,8.5,8.63,8.24,8.36,8.36,35727214
2018-04-03,8.2,8.48,8.19,8.41,8.41,25266779
2018-04-04,8.34,8.53,8.31,8.32,8.32,26401175
2018-04-06,8.3,8.48,7.96,8.04,8.04,41459229
2018-04-09,8.05,8.48,8.04,8.35,8.35,35509493
2018-04-10,8.25,8.75,8.24,8.66,8.66,37498108
2018-04-11,8.57,8.7,8.49,8.49,8.49,19046958
2018-04-12,8.69,8.69,8.51,8.68,8.68,14390218
2018-04-13,8.6,8.63,8.39,8.43,8.43,27100621
2018-04-16,8.31,8.39,8.18,8.28,8.28,18303550
2018-04-17,8.31,8.48,8.13,8.13,8.13,17098300
2018-04-18,8.16,8.27,7.9,7.99,7.99,32866190
2018-04-19,8.23,8.57,8.18,8.46,8.46,44681877
2018-04-20,8.49,8.57,8.24,8.27,8.27,24719809
2018-04-23,8.18,8.43,8.18,8.36,8.36,27846701
2018-04-24,8.35,8.79,8.35,8.62,8.62,28916576
2018-04-25,8.52,8.52,7.78,7.8,7.8,117562300
2018-04-26,7.89,8.0,7.82,7.9,7.9,38040146
2018-04-27,8.09,8.25,7.98,8.24,8.24,49983707
2018-04-30,8.36,8.36,8.12,8.19,8.19,29861684
2018-05-02,8.52,8.52,8.06,8.18,8.18,32816808
2018-05-03,8.18,8.18,7.98,8.06,8.06,45091852
2018-05-04,8.09,8.1,7.91,8.03,8.03,31050078
2018-05-07,8.1,8.11,7.94,7.97,7.97,15138076
2018-05-08,8.1,8.1,7.98,8.01,8.01,29219735
2018-05-09,7.95,8.02,7.88,7.93,7.93,30618683
2018-05-10,8.0,8.09,7.91,7.91,7.91,27829975
2018-05-11,8.05,8.05,7.91,7.97,7.97,23820310
2018-05-14,8.05,8.24,8.02,8.23,8.23,26669928
2018-05-15,8.33,8.33,8.16,8.18,8.18,22646517
2018-05-16,8.12,8.52,8.1,8.38,8.38,47121008
2018-05-17,8.36,8.4,8.13,8.2,8.2,44195317
2018-05-18,8.24,8.5,8.2,8.41,8.41,31875061
2018-05-21,8.75,9.03,8.7,8.82,8.82,56430249
2018-05-23,8.8,8.8,8.64,8.69,8.69,30547541
2018-05-24,8.54,8.65,8.38,8.41,8.41,40548068
2018-05-25,8.47,8.76,8.45,8.57,8.57,26498042
2018-05-28,8.45,8.61,8.45,8.5,8.5,21246863
2018-05-29,8.38,8.51,8.29,8.36,8.36,23433359
2018-05-30,7.91,8.18,7.91,8.11,8.11,44764260
2018-05-31,8.1,8.28,8.05,8.05,8.05,65427456
2018-06-01,8.08,8.2,8.0,8.0,8.0,35794775
2018-06-04,8.07,8.27,8.07,8.23,8.23,20343745
2018-06-05,8.18,8.29,8.1,8.18,8.18,20787392
2018-06-06,8.18,8.29,8.13,8.13,8.13,33725272
2018-06-07,8.09,8.13,8.01,8.06,8.06,31455765
2018-06-08,8.04,8.07,7.86,7.88,7.88,23212259
2018-06-11,7.75,7.8,7.4,7.44,7.44,81360109
2018-06-12,7.3,7.38,7.06,7.23,7.23,137549750
2018-06-13,7.17,7.24,7.16,7.19,7.19,62449821
2018-06-14,7.15,7.16,6.94,6.96,6.96,77579324
2018-06-15,6.87,7.09,6.87,7.04,7.04,85113609
2018-06-19,6.64,6.7,6.52,6.64,6.64,103284057
2018-06-20,6.58,6.62,6.44,6.55,6.55,77097318
2018-06-21,6.55,6.65,6.4,6.4,6.4,36308877
2018-06-22,6.35,6.53,6.22,6.43,6.43,60430742
2018-06-25,6.46,6.56,6.19,6.19,6.19,39618444
2018-06-26,6.17,6.24,6.0,6.12,6.12,47473534
2018-06-27,6.06,6.24,6.03,6.04,6.04,33331091
2018-06-28,6.06,6.25,6.02,6.25,6.25,37854476
2018-06-29,6.28,6.4,6.18,6.39,6.39,53167298
2018-07-03,6.31,6.38,6.06,6.35,6.35,48589161
2018-07-04,6.2,6.28,6.08,6.16,6.16,48529347
2018-07-05,6.13,6.26,6.07,6.15,6.15,21794184
2018-07-06,6.23,6.27,6.04,6.2,6.2,51272416
2018-07-09,6.34,6.46,6.24,6.4,6.4,27182638
2018-07-10,6.52,6.56,6.21,6.22,6.22,33525924
2018-07-11,6.04,6.18,6.03,6.17,6.17,21853573
2018-07-12,6.12,6.19,6.09,6.13,6.13,23614013
2018-07-13,6.2,6.42,6.15,6.32,6.32,28166926
2018-07-16,6.37,6.37,6.15,6.3,6.3,17595700
2018-07-17,6.24,6.27,6.05,6.09,6.09,36026503
2018-07-18,6.12,6.33,6.06,6.3,6.3,40980110
2018-07-19,6.4,6.49,6.31,6.36,6.36,46587434
2018-07-20,6.28,6.42,6.19,6.26,6.26,35055892
2018-07-23,6.3,6.33,6.14,6.15,6.15,17833944
2018-07-24,6.09,6.48,6.09,6.43,6.43,39274454
2018-07-25,6.5,6.5,6.28,6.34,6.34,29464068
2018-07-26,6.39,6.43,6.16,6.16,6.16,38842250
2018-07-27,6.21,6.4,6.17,6.32,6.32,17575471
2018-07-30,6.23,6.39,6.22,6.37,6.37,13178220
2018-07-31,6.46,6.46,6.25,6.3,6.3,31400499
2018-08-01,6.35,6.65,6.35,6.47,6.47,39545518
2018-08-02,6.38,6.51,6.26,6.35,6.35,31925088
2018-08-03,6.33,6.39,6.22,6.25,6.25,30190500
2018-08-06,6.3,6.32,6.08,6.14,6.14,27424034
2018-08-07,6.07,6.13,6.04,6.08,6.08,35100601
2018-08-08,6.06,6.1,6.02,6.05,6.05,36133282
2018-08-09,6.02,6.21,5.95,6.18,6.18,30883720
2018-08-10,6.16,6.3,6.09,6.14,6.14,22095973
2018-08-13,6.05,6.1,6.0,6.04,6.04,16607009
2018-08-14,6.12,6.12,6.01,6.07,6.07,21251127
2018-08-15,6.25,6.58,6.16,6.57,6.57,92496067
2018-08-16,6.5,6.81,5.81,6.08,6.08,152948920
2018-08-17,6.15,6.31,6.05,6.11,6.11,72555133
2018-08-20,5.95,6.02,5.68,5.75,5.75,80081032
2018-08-21,5.75,5.97,5.68,5.79,5.79,88563576
2018-08-22,5.85,6.08,5.84,6.03,6.03,73429005
2018-08-23,6.12,6.32,6.03,6.13,6.13,72952564
2018-08-24,6.06,6.09,5.95,6.08,6.08,38520977
2018-08-27,6.0,6.26,6.0,6.18,6.18,32349470
2018-08-28,6.25,6.45,6.14,6.15,6.15,55984497
2018-08-29,6.2,6.21,6.02,6.08,6.08,35192328
2018-08-30,6.13,6.13,5.99,6.0,6.0,31214465
2018-08-31,5.94,6.02,5.89,5.92,5.92,38405996
2018-09-03,6.0,6.1,5.97,6.08,6.08,24616562
2018-09-04,6.08,6.1,5.96,6.08,6.08,23179563
2018-09-05,6.11,6.14,5.9,5.92,5.92,30154392
2018-09-06,5.92,5.96,5.67,5.76,5.76,37360981
2018-09-07,5.73,5.88,5.7,5.72,5.72,24531146
2018-09-10,5.72,5.74,5.53,5.61,5.61,30723647
2018-09-11,5.63,5.63,5.41,5.42,5.42,30867088
2018-09-12,5.27,5.32,5.11,5.32,5.32,50017988
2018-09-13,5.4,5.49,5.33,5.37,5.37,55937035
2018-09-14,5.45,5.56,5.38,5.51,5.51,36997500
2018-09-17,5.35,5.44,5.28,5.35,5.35,43273635
2018-09-18,5.33,5.43,5.25,5.39,5.39,49066486
2018-09-19,5.37,5.44,5.28,5.4,5.4,59337598
2018-09-20,5.45,5.45,5.35,5.37,5.37,35300997
2018-09-21,5.5,5.73,5.45,5.68,5.68,88916469
2018-09-24,5.64,5.64,5.45,5.49,5.49,54993937
2018-09-26,5.51,5.72,5.37,5.63,5.63,62064666
2018-09-27,5.69,5.69,5.48,5.5,5.5,23329420
2018-09-28,5.55,5.61,5.47,5.51,5.51,35552309
2018-10-02,5.55,5.58,5.47,5.56,5.56,55631096
2018-10-03,5.52,5.67,5.52,5.62,5.62,25297178
2018-10-04,5.67,5.84,5.59,5.81,5.81,41318520
2018-10-05,5.76,5.94,5.69,5.93,5.93,50278758
2018-10-08,5.9,5.94,5.72,5.75,5.75,30073459
2018-10-09,5.86,5.89,5.77,5.81,5.81,38978353
2018-10-10,5.98,5.98,5.85,5.91,5.91,51936936
2018-10-11,5.85,5.89,5.72,5.84,5.84,58140568
2018-10-12,5.89,6.01,5.83,5.97,5.97,39548647
2018-10-15,5.98,6.09,5.88,5.98,5.98,46851682
2018-10-16,5.98,5.99,5.71,5.77,5.77,44160199
2018-10-18,5.89,5.89,5.77,5.83,5.83,31745775
2018-10-19,5.82,5.95,5.74,5.9,5.9,39072316
2018-10-22,5.93,6.09,5.83,6.07,6.07,35597435
2018-10-23,5.99,6.02,5.7,5.72,5.72,39924924
2018-10-24,5.84,5.92,5.7,5.7,5.7,55202637
2018-10-25,5.62,5.89,5.57,5.81,5.81,41930830
2018-10-26,5.75,5.89,5.68,5.75,5.75,19896035
2018-10-29,5.89,5.89,5.6,5.6,5.6,29824571
2018-10-30,5.6,5.72,5.55,5.62,5.62,26130961
2018-10-31,5.55,5.62,5.38,5.49,5.49,75031094
2018-11-01,5.59,5.62,5.27,5.28,5.28,64043574
2018-11-02,5.5,6.0,5.46,6.0,6.0,152516865
2018-11-05,5.84,5.89,5.71,5.79,5.79,34005436
2018-11-06,5.77,5.88,5.68,5.86,5.86,39293428
2018-11-07,5.8,6.09,5.78,5.96,5.96,46054130
2018-11-08,6.0,6.2,5.97,6.1,6.1,50365251
2018-11-09,6.15,6.17,6.0,6.1,6.1,48763500
2018-11-12,6.13,6.15,6.05,6.09,6.09,11377500
2018-11-13,6.06,6.24,5.91,6.22,6.22,45354408
2018-11-14,6.22,6.28,6.11,6.21,6.21,26220698
2018-11-15,6.3,6.48,6.25,6.47,6.47,44186865
2018-11-16,6.48,6.48,6.24,6.43,6.43,28335814
2018-11-19,6.5,6.56,6.44,6.5,6.5,27570456
2018-11-20,6.4,6.57,6.27,6.27,6.27,43474267
2018-11-21,6.22,6.22,6.07,6.13,6.13,29027975
2018-11-22,6.26,6.26,6.06,6.12,6.12,16204443
2018-11-23,6.09,6.12,5.93,5.99,5.99,14086151
2018-11-26,6.03,6.15,5.9,6.05,6.05,28962803
2018-11-27,6.05,6.08,5.97,6.0,6.0,24477998
2018-11-28,5.96,6.0,5.86,5.96,5.96,21307634
2018-11-29,6.0,6.04,5.81,5.82,5.82,22998002
2018-11-30,5.78,5.86,5.71,5.71,5.71,46849145
2018-12-03,6.01,6.54,6.01,6.38,6.38,128032405
2018-12-04,6.22,6.35,6.21,6.34,6.34,38893801
2018-12-05,6.2,6.34,6.17,6.34,6.34,27229710
2018-12-06,6.21,6.21,5.96,6.01,6.01,38385351
2018-12-07,6.1,6.1,5.87,5.89,5.89,43526285
2018-12-10,5.78,5.9,5.7,5.81,5.81,34738398
2018-12-11,5.78,5.9,5.78,5.8,5.8,25265420
2018-12-12,5.86,6.15,5.86,6.13,6.13,60262681
2018-12-13,6.19,6.31,6.1,6.31,6.31,42671498
2018-12-14,6.18,6.23,5.86,5.92,5.92,46454233
2018-12-17,6.0,6.07,5.9,6.02,6.02,41228031
2018-12-18,5.96,6.05,5.88,5.9,5.9,25873832
2018-12-19,5.97,6.05,5.92,6.0,6.0,27506331
2018-12-20,5.88,6.07,5.88,5.98,5.98,23027720
2018-12-21,6.0,6.05,5.87,6.01,6.01,33673948
2018-12-24,6.0,6.03,5.89,5.96,5.96,14567910
2018-12-27,6.0,6.07,5.88,5.91,5.91,13024255
2018-12-28,6.01,6.01,5.86,5.86,5.86,10652211
2018-12-31,6.0,6.09,5.93,6.03,6.03,17377632
2019-01-02,6.1,6.1,5.75,5.79,5.79,25280873
2019-01-03,5.83,5.94,5.66,5.69,5.69,18428019
2019-01-04,5.64,5.85,5.58,5.85,5.85,17824982
2019-01-07,5.89,6.08,5.85,6.04,6.04,35909801
2019-01-08,6.1,6.32,6.06,6.25,6.25,54709652
2019-01-09,6.38,6.62,6.31,6.49,6.49,85378448
2019-01-10,6.45,6.59,6.24,6.51,6.51,26125114
2019-01-11,6.5,6.59,6.42,6.55,6.55,21063427
2019-01-14,6.57,6.57,6.31,6.48,6.48,23356279
2019-01-15,6.61,6.73,6.43,6.72,6.72,27033045
2019-01-16,6.73,6.87,6.64,6.81,6.81,33486143
2019-01-17,6.82,6.83,6.63,6.67,6.67,20967404
2019-01-18,6.77,6.81,6.64,6.68,6.68,18362724
2019-01-21,6.72,6.96,6.62,6.86,6.86,41040150
2019-01-22,6.81,6.88,6.65,6.7,6.7,24908986
2019-01-23,6.65,6.75,6.64,6.7,6.7,22688978
2019-01-24,6.68,6.85,6.61,6.84,6.84,31455772
2019-01-25,6.88,6.89,6.78,6.86,6.86,32884519
2019-01-28,6.89,6.89,6.8,6.85,6.85,21440681
2019-01-29,6.85,6.88,6.7,6.82,6.82,25700612
2019-01-30,6.79,6.83,6.7,6.74,6.74,23306148
2019-01-31,6.76,6.8,6.6,6.72,6.72,28889137
2019-02-01,6.78,7.13,6.69,7.1,7.1,42657689
2019-02-04,7.0,7.17,6.93,7.01,7.01,12310849
2019-02-08,6.9,6.9,6.58,6.79,6.79,32963425
2019-02-11,6.75,7.0,6.74,6.96,6.96,34407580
2019-02-12,6.9,7.29,6.9,7.25,7.25,42985804
2019-02-13,7.33,7.6,7.31,7.56,7.56,67832516
2019-02-14,7.46,7.54,7.27,7.29,7.29,62499716
2019-02-15,7.15,7.43,7.07,7.39,7.39,51558394
2019-02-18,7.5,7.68,7.46,7.58,7.58,44530888
2019-02-19,7.67,7.67,7.32,7.42,7.42,35430301
2019-02-20,7.39,7.58,7.33,7.48,7.48,43441949
2019-02-21,7.5,7.75,7.32,7.63,7.63,82983648
2019-02-22,7.53,7.96,7.53,7.89,7.89,51204358
2019-02-25,7.83,7.88,7.62,7.78,7.78,49131300
2019-02-26,7.65,7.67,7.26,7.36,7.36,61139086
2019-02-27,7.3,7.36,7.03,7.05,7.05,70804944
2019-02-28,7.03,7.21,6.97,6.97,6.97,63428616
2019-03-01,6.92,7.12,6.88,7.07,7.07,40316119
2019-03-04,7.23,7.33,7.15,7.17,7.17,66433051
2019-03-05,7.13,7.14,6.9,7.0,7.0,54814041
2019-03-06,7.05,7.34,7.01,7.3,7.3,45338939
2019-03-07,7.3,7.34,7.16,7.24,7.24,28402083
2019-03-08,7.1,7.21,7.02,7.11,7.11,30940411
2019-03-11,7.08,7.35,7.08,7.27,7.27,36638235
2019-03-12,7.35,7.86,7.34,7.74,7.74,80113663
2019-03-13,7.8,7.83,7.6,7.6,7.6,61358002
2019-03-14,7.6,7.66,7.46,7.46,7.46,47125822
2019-03-15,7.48,8.04,7.43,7.8,7.8,99423627
2019-03-18,7.9,8.4,7.9,8.22,8.22,200835284
2019-03-19,8.31,8.74,8.27,8.67,8.67,139477858
2019-03-20,8.5,8.69,8.39,8.5,8.5,139514212
2019-03-21,8.8,8.82,8.45,8.47,8.47,110476541
2019-03-22,8.55,8.67,8.3,8.47,8.47,112561300
2019-03-25,8.14,8.53,8.09,8.35,8.35,117947920
2019-03-26,8.35,8.5,8.28,8.42,8.42,76141757
2019-03-27,8.44,8.79,8.44,8.59,8.59,76334182
2019-03-28,8.5,8.63,8.43,8.51,8.51,64395871
2019-03-29,8.4,8.49,8.12,8.4,8.4,105946573
2019-04-01,8.4,8.84,8.35,8.7,8.7,103212563
2019-04-02,8.65,8.85,8.56,8.67,8.67,65700339
2019-04-03,8.6,8.79,8.55,8.74,8.74,64832202
2019-04-04,8.8,8.9,8.73,8.88,8.88,63546301
2019-04-08,8.9,9.2,8.81,9.06,9.06,142597009
2019-04-09,8.98,9.07,8.75,8.83,8.83,62997484
2019-04-10,8.65,8.81,8.6,8.69,8.69,69669132
2019-04-11,8.66,8.69,8.46,8.59,8.59,86541027
2019-04-12,8.54,8.93,8.5,8.92,8.92,67864105
2019-04-15,9.05,9.12,8.72,8.74,8.74,53894111
2019-04-16,8.79,8.87,8.6,8.8,8.8,38270427
2019-04-17,8.81,9.3,8.81,9.25,9.25,92719316
2019-04-18,9.15,9.42,9.1,9.21,9.21,52168810
2019-04-23,9.23,9.95,9.08,9.6,9.6,137924716
2019-04-24,9.7,9.75,9.4,9.43,9.43,89144182
2019-04-25,9.28,9.64,9.16,9.16,9.16,81949704
2019-04-26,9.16,9.2,8.82,8.82,8.82,85626530
2019-04-29,8.91,9.03,8.75,8.82,8.82,35636703
2019-04-30,9.02,9.55,8.87,9.3,9.3,97927995
2019-05-02,9.21,9.43,9.08,9.14,9.14,59132058
2019-05-03,9.05,9.15,8.97,9.06,9.06,39683710
2019-05-06,8.0,8.58,8.0,8.44,8.44,155272297
2019-05-07,8.57,8.6,8.22,8.35,8.35,83303143
2019-05-08,8.21,8.31,7.97,8.1,8.1,101021975
2019-05-09,8.01,8.01,7.39,7.63,7.63,194056566
2019-05-10,8.0,8.03,7.45,7.7,7.7,176530106
2019-05-14,7.15,7.48,7.11,7.39,7.39,132925524
2019-05-15,7.6,7.86,7.51,7.77,7.77,105717070
2019-05-16,7.89,7.94,7.71,7.8,7.8,80102295
2019-05-17,8.03,8.03,7.48,7.53,7.53,67370050
2019-05-20,7.53,7.53,7.12,7.14,7.14,84354000
2019-05-21,7.08,7.31,7.07,7.26,7.26,71025346
2019-05-22,7.31,7.46,7.3,7.35,7.35,45684627
2019-05-23,7.71,7.71,7.27,7.3,7.3,72797500
2019-05-24,7.35,7.53,7.34,7.4,7.4,59229498
2019-05-27,7.44,7.5,7.18,7.27,7.27,52504355
2019-05-28,7.29,7.45,7.21,7.45,7.45,88094602
2019-05-29,7.4,7.57,7.33,7.41,7.41,35061046
2019-05-30,7.45,7.45,7.25,7.36,7.36,30532112
2019-05-31,7.3,7.35,6.99,7.06,7.06,49848745
2019-06-03,7.06,7.13,6.79,6.86,6.86,54470886
2019-06-04,6.95,7.05,6.85,7.01,7.01,39122632
2019-06-05,7.1,7.31,7.02,7.27,7.27,56659842
2019-06-06,7.39,7.39,7.18,7.22,7.22,40067311
2019-06-10,7.47,7.69,7.39,7.56,7.56,71593324
2019-06-11,7.68,7.73,7.6,7.66,7.66,38110896
2019-06-12,7.7,7.7,7.43,7.51,7.51,41676344
2019-06-13,7.6,7.6,7.4,7.5,7.5,37605530
2019-06-14,7.39,7.57,7.25,7.35,7.35,23478138
2019-06-17,7.29,7.52,7.27,7.38,7.38,23150157
2019-06-18,7.38,7.61,7.35,7.57,7.57,26155431
2019-06-19,8.5,8.5,7.84,7.97,7.97,104614510
2019-06-20,7.97,8.08,7.78,8.07,8.07,64460649
2019-06-21,8.1,8.15,7.94,8.05,8.05,51348474
2019-06-24,7.95,7.99,7.68,7.84,7.84,51627831
2019-06-25,7.79,7.96,7.77,7.86,7.86,27023429
2019-06-26,7.9,7.98,7.78,7.89,7.89,35691690
2019-06-27,7.93,8.19,7.9,8.18,8.18,43259583
2019-06-28,8.21,8.21,7.87,7.92,7.92,44745500
2019-07-02,8.3,8.4,8.1,8.29,8.29,117735055
2019-07-03,8.23,8.26,8.07,8.15,8.15,37383708
2019-07-04,8.11,8.22,7.89,7.93,7.93,31270967
2019-07-05,7.99,8.08,7.94,8.0,8.0,13179728
2019-07-08,8.07,8.07,7.74,7.82,7.82,23081134
2019-07-09,7.88,7.88,7.5,7.57,7.57,37994148
2019-07-10,7.7,7.8,7.5,7.65,7.65,36293842
2019-07-11,7.77,7.85,7.68,7.81,7.81,32220607
2019-07-12,7.75,7.78,7.66,7.75,7.75,21691315
2019-07-15,7.65,7.94,7.52,7.89,7.89,27310422
2019-07-16,8.07,8.07,7.65,7.95,7.95,23374550
2019-07-17,7.95,7.95,7.76,7.8,7.8,23758549
2019-07-18,7.75,7.91,7.68,7.74,7.74,27806603
2019-07-19,7.78,7.88,7.7,7.85,7.85,26569382
2019-07-22,7.84,8.08,7.83,7.93,7.93,33165756
2019-07-23,7.95,8.08,7.84,8.08,8.08,30358945
2019-07-24,8.18,8.19,7.98,8.02,8.02,25991625
2019-07-25,8.08,8.16,7.92,8.15,8.15,29528357
2019-07-26,8.2,8.52,8.15,8.19,8.19,60607865
2019-07-29,8.12,8.17,7.95,8.05,8.05,28384240
2019-07-30,8.0,8.09,7.97,8.0,8.0,27434500
2019-07-31,7.9,7.93,7.68,7.71,7.71,42346062
2019-08-01,7.59,7.79,7.58,7.63,7.63,35497107
2019-08-02,7.32,7.43,7.03,7.12,7.12,90866736
2019-08-05,7.09,7.13,6.9,7.0,7.0,38958169
2019-08-06,6.72,6.9,6.6,6.88,6.88,48642592
2019-08-07,6.89,6.92,6.7,6.88,6.88,25672298
2019-08-08,6.92,7.06,6.85,6.96,6.96,26997519
2019-08-09,7.18,7.18,6.96,6.96,6.96,29545738
2019-08-12,7.0,7.04,6.84,6.86,6.86,18371209
2019-08-13,6.78,6.79,6.57,6.72,6.72,34796830
2019-08-14,6.83,6.96,6.26,6.36,6.36,98218453
2019-08-15,6.17,6.25,6.0,6.2,6.2,90791235
2019-08-16,6.15,6.38,6.1,6.37,6.37,107040141
2019-08-19,6.36,6.5,6.33,6.49,6.49,79884962
2019-08-20,6.49,6.69,6.34,6.68,6.68,53854373
2019-08-21,6.7,6.8,6.55,6.67,6.67,30003660
2019-08-22,6.67,6.67,6.46,6.6,6.6,26411036
2019-08-23,6.4,6.62,6.34,6.61,6.61,51575031
2019-08-26,6.07,6.21,6.04,6.14,6.14,118101341
2019-08-27,6.22,6.42,6.21,6.42,6.42,60017742
2019-08-28,6.46,6.53,6.27,6.32,6.32,46854551
2019-08-29,6.31,6.42,6.26,6.38,6.38,39098111
2019-08-30,6.43,6.57,6.28,6.31,6.31,52714153
2019-09-02,6.27,6.34,6.19,6.27,6.27,37572322
2019-09-03,6.21,6.42,6.21,6.32,6.32,17023504
2019-09-04,6.4,6.86,6.4,6.82,6.82,73923508
2019-09-05,6.69,6.93,6.69,6.81,6.81,48071596
2019-09-06,6.9,7.07,6.83,6.97,6.97,38541352
2019-09-09,6.96,7.0,6.8,6.87,6.87,22091823
2019-09-10,6.8,6.86,6.73,6.79,6.79,40657999
2019-09-11,6.79,6.99,6.66,6.95,6.95,34907192
2019-09-12,7.1,7.27,6.97,7.22,7.22,52501226
2019-09-13,7.22,7.45,7.16,7.44,7.44,47023746
2019-09-16,7.79,7.79,7.48,7.48,7.48,77955830
2019-09-17,7.43,7.45,7.19,7.29,7.29,26852640
2019-09-18,7.26,7.29,7.18,7.19,7.19,46145642
2019-09-19,7.15,7.32,7.11,7.19,7.19,37923810
2019-09-20,7.25,7.31,7.09,7.11,7.11,36989888
2019-09-23,7.08,7.13,6.94,7.04,7.04,23674395
2019-09-24,7.04,7.13,6.99,7.02,7.02,27937275
2019-09-25,6.72,7.03,6.72,6.86,6.86,41450088
2019-09-26,6.87,7.04,6.87,6.95,6.95,37789891
2019-09-27,6.95,7.04,6.9,6.95,6.95,23117077
